minimum_future_observations,n_instances,n_unique_athletes,analysis,target,model,feature_set,fold,n_rows,n_athletes,r2,mae,rmse
1,1041,289,future_horizon_max_min1,future_max_points,Ridge,context_current_implements,1,209,58,0.6791430267605458,48.809713928085706,62.362865609640046
1,1041,289,future_horizon_max_min1,future_max_points,Ridge,context_current_implements,2,208,57,0.38355182339814464,59.39140583543678,86.4507388628012
1,1041,289,future_horizon_max_min1,future_max_points,Ridge,context_current_implements,3,208,58,0.7150596093652075,47.266583307770695,62.87916961809752
1,1041,289,future_horizon_max_min1,future_max_points,Ridge,context_current_implements,4,208,58,0.7250359057446882,40.99751365505785,58.820958615999416
1,1041,289,future_horizon_max_min1,future_max_points,Ridge,context_current_implements,5,208,58,0.4896961967688306,70.63243278012744,95.40968333190018
1,1041,289,future_horizon_max_min1,future_max_points,Ridge,g1_current,1,209,58,0.6494031407782812,51.83924067706863,65.18900202433954
1,1041,289,future_horizon_max_min1,future_max_points,Ridge,g1_current,2,208,57,0.42347438598183995,58.04321391198063,83.60451401794346
1,1041,289,future_horizon_max_min1,future_max_points,Ridge,g1_current,3,208,58,0.7212374101311962,46.70744851762846,62.19379179871008
1,1041,289,future_horizon_max_min1,future_max_points,Ridge,g1_current,4,208,58,0.7215893344885868,42.72302228002071,59.18845984994731
1,1041,289,future_horizon_max_min1,future_max_points,Ridge,g1_current,5,208,58,0.5208225890006616,67.4957281471932,92.45410956478486
1,1041,289,future_horizon_max_min1,future_max_points,RandomForest,context_current_implements,1,209,58,0.6128016856474088,48.70051215513906,68.50733144961517
1,1041,289,future_horizon_max_min1,future_max_points,RandomForest,context_current_implements,2,208,57,0.438017243340697,57.52682408641613,82.54331726107556
1,1041,289,future_horizon_max_min1,future_max_points,RandomForest,context_current_implements,3,208,58,0.6909307652275816,43.30945407521717,65.48738948298222
1,1041,289,future_horizon_max_min1,future_max_points,RandomForest,context_current_implements,4,208,58,0.7115827133418364,38.31690490016673,60.24274443390597
1,1041,289,future_horizon_max_min1,future_max_points,RandomForest,context_current_implements,5,208,58,0.5367380662269116,68.49751115428386,90.90575114944727
1,1041,289,future_horizon_max_min1,future_max_points,RandomForest,g1_current,1,209,58,0.6569413661158751,47.09965069901757,64.48437558293341
1,1041,289,future_horizon_max_min1,future_max_points,RandomForest,g1_current,2,208,57,0.4450252010168234,57.40370165699832,82.02704273394399
1,1041,289,future_horizon_max_min1,future_max_points,RandomForest,g1_current,3,208,58,0.6838077966365519,44.91670187019169,66.23771902271183
1,1041,289,future_horizon_max_min1,future_max_points,RandomForest,g1_current,4,208,58,0.7190544075304016,39.1808816965788,59.45730451425065
1,1041,289,future_horizon_max_min1,future_max_points,RandomForest,g1_current,5,208,58,0.5266070319039908,68.44604733072148,91.89438024316897
1,1041,289,future_horizon_max_min1,future_max_points,GradientBoosting,context_current_implements,1,209,58,0.6059418243570982,48.75511481896098,69.1115276985487
1,1041,289,future_horizon_max_min1,future_max_points,GradientBoosting,context_current_implements,2,208,57,0.4508991001783349,58.117383606202324,81.59179750106577
1,1041,289,future_horizon_max_min1,future_max_points,GradientBoosting,context_current_implements,3,208,58,0.6531815734947835,47.20897084763608,69.37146591976168
1,1041,289,future_horizon_max_min1,future_max_points,GradientBoosting,context_current_implements,4,208,58,0.703057357267727,40.98098641210133,61.12662107289651
1,1041,289,future_horizon_max_min1,future_max_points,GradientBoosting,context_current_implements,5,208,58,0.4800944556365567,71.83029973042355,96.3031019936638
1,1041,289,future_horizon_max_min1,future_max_points,GradientBoosting,g1_current,1,209,58,0.6427463925978103,47.44280063939384,65.80496058030565
1,1041,289,future_horizon_max_min1,future_max_points,GradientBoosting,g1_current,2,208,57,0.458519288423617,57.42772994208235,81.02367146762177
1,1041,289,future_horizon_max_min1,future_max_points,GradientBoosting,g1_current,3,208,58,0.6780979031359129,46.70973558179265,66.83311338031663
1,1041,289,future_horizon_max_min1,future_max_points,GradientBoosting,g1_current,4,208,58,0.7328240066190497,38.513271983645446,57.98195058425922
1,1041,289,future_horizon_max_min1,future_max_points,GradientBoosting,g1_current,5,208,58,0.5680528960793387,66.45475803348863,87.77954697266469
2,737,185,future_horizon_max_min2,future_max_points,Ridge,context_current_implements,1,148,37,0.6192660258168575,44.35498845750758,60.80945770105781
2,737,185,future_horizon_max_min2,future_max_points,Ridge,context_current_implements,2,148,37,0.17714647332089273,55.12580756888533,81.53888782973424
2,737,185,future_horizon_max_min2,future_max_points,Ridge,context_current_implements,3,147,37,0.5754751514641379,53.1840754574327,67.1818318324778
2,737,185,future_horizon_max_min2,future_max_points,Ridge,context_current_implements,4,147,37,0.7005371700149015,56.51024089528267,71.58644836721814
2,737,185,future_horizon_max_min2,future_max_points,Ridge,context_current_implements,5,147,37,0.4163974953753131,71.66667630893346,91.68095082519854
2,737,185,future_horizon_max_min2,future_max_points,Ridge,g1_current,1,148,37,0.6105590171657733,45.90513908855932,61.50085317880685
2,737,185,future_horizon_max_min2,future_max_points,Ridge,g1_current,2,148,37,0.23741610826703896,53.98814975043275,78.4959644303696
2,737,185,future_horizon_max_min2,future_max_points,Ridge,g1_current,3,147,37,0.5858196404484167,50.88653772841555,66.35826676695959
2,737,185,future_horizon_max_min2,future_max_points,Ridge,g1_current,4,147,37,0.6700219068148104,61.17645687001481,75.14531482499495
2,737,185,future_horizon_max_min2,future_max_points,Ridge,g1_current,5,147,37,0.4620810591873383,68.61372747862661,88.01951141005539
2,737,185,future_horizon_max_min2,future_max_points,RandomForest,context_current_implements,1,148,37,0.5199990714707732,46.84322474610755,68.27808832539364
2,737,185,future_horizon_max_min2,future_max_points,RandomForest,context_current_implements,2,148,37,0.3714403680299361,54.335013021805814,71.26507704603269
2,737,185,future_horizon_max_min2,future_max_points,RandomForest,context_current_implements,3,147,37,0.49225481543217287,54.252969302756114,73.4722247022905
2,737,185,future_horizon_max_min2,future_max_points,RandomForest,context_current_implements,4,147,37,0.7566217123359036,49.53578481655782,64.53573633501307
2,737,185,future_horizon_max_min2,future_max_points,RandomForest,context_current_implements,5,147,37,0.5158780853863918,64.02070854457364,83.50219778011609
2,737,185,future_horizon_max_min2,future_max_points,RandomForest,g1_current,1,148,37,0.5946167847705719,43.59402391189505,62.74703311610954
2,737,185,future_horizon_max_min2,future_max_points,RandomForest,g1_current,2,148,37,0.3877478166979039,53.7438034046146,70.33454581094134
2,737,185,future_horizon_max_min2,future_max_points,RandomForest,g1_current,3,147,37,0.5191450477889337,53.900648680604405,71.50021211243666
2,737,185,future_horizon_max_min2,future_max_points,RandomForest,g1_current,4,147,37,0.751792325085207,49.18769530067558,65.17288663293779
2,737,185,future_horizon_max_min2,future_max_points,RandomForest,g1_current,5,147,37,0.46314221244948084,67.648370457973,87.93265045971842
2,737,185,future_horizon_max_min2,future_max_points,GradientBoosting,context_current_implements,1,148,37,0.5618361136078625,45.273478296656975,65.23469021208987
2,737,185,future_horizon_max_min2,future_max_points,GradientBoosting,context_current_implements,2,148,37,0.3396589084323164,56.278426101378365,73.04452642369554
2,737,185,future_horizon_max_min2,future_max_points,GradientBoosting,context_current_implements,3,147,37,0.459179647799115,56.0130419490572,75.8275103423247
2,737,185,future_horizon_max_min2,future_max_points,GradientBoosting,context_current_implements,4,147,37,0.7369829425479533,49.16050528787127,67.08899889302408
2,737,185,future_horizon_max_min2,future_max_points,GradientBoosting,context_current_implements,5,147,37,0.4842556012316027,65.08300545593285,86.18621237651362
2,737,185,future_horizon_max_min2,future_max_points,GradientBoosting,g1_current,1,148,37,0.5601146000640257,45.85882068922388,65.36271572424924
2,737,185,future_horizon_max_min2,future_max_points,GradientBoosting,g1_current,2,148,37,0.28991422246086385,56.71509936353153,75.74586389375173
2,737,185,future_horizon_max_min2,future_max_points,GradientBoosting,g1_current,3,147,37,0.4890418024891421,52.54969193791199,73.70432432092481
2,737,185,future_horizon_max_min2,future_max_points,GradientBoosting,g1_current,4,147,37,0.7367404922593572,49.44897718204313,67.11991323859546
2,737,185,future_horizon_max_min2,future_max_points,GradientBoosting,g1_current,5,147,37,0.42555542989650774,70.15086189413825,90.95877431297878
3,524,128,future_horizon_max_min3,future_max_points,Ridge,context_current_implements,1,105,25,0.6576171788060217,44.27593026613883,55.15399026629222
3,524,128,future_horizon_max_min3,future_max_points,Ridge,context_current_implements,2,105,26,0.2794145983003786,49.59801657356586,73.9280639474089
3,524,128,future_horizon_max_min3,future_max_points,Ridge,context_current_implements,3,105,26,0.6990701380752702,53.652470944015505,64.25506457525752
3,524,128,future_horizon_max_min3,future_max_points,Ridge,context_current_implements,4,105,26,0.5927062107065313,41.442316425200026,63.13190342980319
3,524,128,future_horizon_max_min3,future_max_points,Ridge,context_current_implements,5,104,25,0.4597361227140555,79.91006489087856,97.36675578433429
3,524,128,future_horizon_max_min3,future_max_points,Ridge,g1_current,1,105,25,0.6610074597658209,44.826188687019844,54.88024300742135
3,524,128,future_horizon_max_min3,future_max_points,Ridge,g1_current,2,105,26,0.23923490475758058,53.598416211980684,75.96121319952023
3,524,128,future_horizon_max_min3,future_max_points,Ridge,g1_current,3,105,26,0.6964379581946716,54.93222848370174,64.53546655390787
3,524,128,future_horizon_max_min3,future_max_points,Ridge,g1_current,4,105,26,0.621821167174447,42.156831212783366,60.83361126473597
3,524,128,future_horizon_max_min3,future_max_points,Ridge,g1_current,5,104,25,0.48067855763241973,75.85499292407403,95.46097407471204
3,524,128,future_horizon_max_min3,future_max_points,RandomForest,context_current_implements,1,105,25,0.580350968410522,47.06170011495413,61.06102181993287
3,524,128,future_horizon_max_min3,future_max_points,RandomForest,context_current_implements,2,105,26,0.3270173906302989,49.671177668738856,71.44445439792786
3,524,128,future_horizon_max_min3,future_max_points,RandomForest,context_current_implements,3,105,26,0.7242211934018774,49.26003856818106,61.51133679121585
3,524,128,future_horizon_max_min3,future_max_points,RandomForest,context_current_implements,4,105,26,0.7168637340025055,42.00678789325617,52.637195223863394
3,524,128,future_horizon_max_min3,future_max_points,RandomForest,context_current_implements,5,104,25,0.5508311867387973,71.0593343889077,88.77946663434184
3,524,128,future_horizon_max_min3,future_max_points,RandomForest,g1_current,1,105,25,0.600900019307171,45.68485503257176,59.5472635294828
3,524,128,future_horizon_max_min3,future_max_points,RandomForest,g1_current,2,105,26,0.25546892109604635,55.13935889852508,75.14637211271382
3,524,128,future_horizon_max_min3,future_max_points,RandomForest,g1_current,3,105,26,0.7456513170594312,45.82316949959976,59.073060000642656
3,524,128,future_horizon_max_min3,future_max_points,RandomForest,g1_current,4,105,26,0.7075205008735683,43.08801199784506,53.49863543727854
3,524,128,future_horizon_max_min3,future_max_points,RandomForest,g1_current,5,104,25,0.5386380314249606,72.48079938928504,89.97640355028484
3,524,128,future_horizon_max_min3,future_max_points,GradientBoosting,context_current_implements,1,105,25,0.5402230565617279,50.71472182621084,63.9137867741499
3,524,128,future_horizon_max_min3,future_max_points,GradientBoosting,context_current_implements,2,105,26,0.27618685646017704,52.505941159589234,74.09345314764799
3,524,128,future_horizon_max_min3,future_max_points,GradientBoosting,context_current_implements,3,105,26,0.6967855679018682,50.15217469440385,64.49850610219079
3,524,128,future_horizon_max_min3,future_max_points,GradientBoosting,context_current_implements,4,105,26,0.7325483812417088,38.36651776377128,51.15847677986686
3,524,128,future_horizon_max_min3,future_max_points,GradientBoosting,context_current_implements,5,104,25,0.4806752406368964,76.13845477260361,95.46127893706915
3,524,128,future_horizon_max_min3,future_max_points,GradientBoosting,g1_current,1,105,25,0.535143126302253,50.54868446876695,64.26589847679635
3,524,128,future_horizon_max_min3,future_max_points,GradientBoosting,g1_current,2,105,26,0.18213120248555859,57.50431929068406,78.76049247003368
3,524,128,future_horizon_max_min3,future_max_points,GradientBoosting,g1_current,3,105,26,0.7131481795619947,49.88120105704173,62.7340790212493
3,524,128,future_horizon_max_min3,future_max_points,GradientBoosting,g1_current,4,105,26,0.6883922628983077,44.5112971712623,55.22034376281775
3,524,128,future_horizon_max_min3,future_max_points,GradientBoosting,g1_current,5,104,25,0.5119235147858906,74.00266270673036,92.5447265445686
