outcome,model,feature_set,fold,n,n_positive,n_negative,roc_auc,pr_auc,balanced_accuracy,f1,brier
improve_ge25,LogisticRegression,context_current,1,58,28,30,0.7964285714285715,0.8050994257431296,0.7416666666666667,0.7368421052631579,0.18768531754645099
improve_ge25,LogisticRegression,context_current,2,58,28,30,0.8369047619047618,0.8293782452800269,0.7595238095238095,0.7586206896551724,0.17229576599680285
improve_ge25,LogisticRegression,context_current,3,58,27,31,0.7598566308243727,0.7316529837046097,0.7043010752688172,0.6792452830188679,0.19843238719291462
improve_ge25,LogisticRegression,context_current,4,58,27,31,0.8255675029868578,0.8054028789985321,0.7275985663082437,0.7241379310344828,0.17672086608179902
improve_ge25,LogisticRegression,context_current,5,57,27,30,0.7012345679012345,0.7120537657349997,0.6314814814814815,0.6181818181818182,0.22745684969274618
improve_ge25,LogisticRegression,g1_current,1,58,28,30,0.8011904761904762,0.816568535655144,0.7583333333333333,0.75,0.18542528101886033
improve_ge25,LogisticRegression,g1_current,2,58,28,30,0.8107142857142857,0.8249036682936453,0.7071428571428571,0.7017543859649122,0.17921505914279748
improve_ge25,LogisticRegression,g1_current,3,58,27,31,0.7347670250896058,0.74629994650685,0.6881720430107527,0.6666666666666666,0.20736421749235864
improve_ge25,LogisticRegression,g1_current,4,58,27,31,0.8243727598566308,0.8090763996983616,0.7598566308243728,0.75,0.1734633419654049
improve_ge25,LogisticRegression,g1_current,5,57,27,30,0.7037037037037037,0.7056950513623963,0.6314814814814815,0.6181818181818182,0.22382992912748395
improve_ge25,RandomForest,context_current,1,58,28,30,0.7851190476190476,0.773694690652228,0.7095238095238094,0.7213114754098361,0.19401210136778096
improve_ge25,RandomForest,context_current,2,58,28,30,0.8297619047619048,0.8287929652823507,0.7380952380952381,0.7058823529411765,0.17793299142354843
improve_ge25,RandomForest,context_current,3,58,27,31,0.6678614097968937,0.5913643790323124,0.6487455197132617,0.6,0.23632088487252387
improve_ge25,RandomForest,context_current,4,58,27,31,0.7921146953405017,0.7792009355929197,0.7025089605734767,0.7272727272727273,0.20435049875595782
improve_ge25,RandomForest,context_current,5,57,27,30,0.7172839506172839,0.7174682298427704,0.6314814814814815,0.6181818181818182,0.2175611987053731
improve_ge25,RandomForest,g1_current,1,58,28,30,0.7595238095238095,0.7385804026685874,0.7071428571428571,0.7017543859649122,0.19991689019869546
improve_ge25,RandomForest,g1_current,2,58,28,30,0.8202380952380952,0.8172564768949506,0.725,0.7241379310344828,0.18443349490265804
improve_ge25,RandomForest,g1_current,3,58,27,31,0.7013142174432497,0.6726774218457492,0.6326164874551972,0.5882352941176471,0.2216179779178166
improve_ge25,RandomForest,g1_current,4,58,27,31,0.7526881720430108,0.749146142568236,0.6881720430107527,0.6666666666666666,0.20392440422421673
improve_ge25,RandomForest,g1_current,5,57,27,30,0.7012345679012346,0.744862797036772,0.6129629629629629,0.5925925925925926,0.22539384468957982
improve_ge25,GradientBoosting,context_current,1,58,28,30,0.75,0.7108616358477577,0.7226190476190477,0.7037037037037037,0.20754818306134817
improve_ge25,GradientBoosting,context_current,2,58,28,30,0.7488095238095238,0.759579125288486,0.6726190476190477,0.6666666666666666,0.20534781031055446
improve_ge25,GradientBoosting,context_current,3,58,27,31,0.6236559139784946,0.5719884730773228,0.5979689366786141,0.5490196078431373,0.28607288324747865
improve_ge25,GradientBoosting,context_current,4,58,27,31,0.8207885304659497,0.8286874567664753,0.7461170848267622,0.7457627118644068,0.18541497559163347
improve_ge25,GradientBoosting,context_current,5,57,27,30,0.6222222222222222,0.6383914905050385,0.6111111111111112,0.5769230769230769,0.27727158730553525
improve_ge25,GradientBoosting,g1_current,1,58,28,30,0.7273809523809524,0.719340957581982,0.6892857142857143,0.6785714285714286,0.2222673266306169
improve_ge25,GradientBoosting,g1_current,2,58,28,30,0.7535714285714287,0.7438724255947944,0.675,0.6885245901639344,0.20313558355707198
improve_ge25,GradientBoosting,g1_current,3,58,27,31,0.6762246117084826,0.6352014751255053,0.6326164874551972,0.5882352941176471,0.2590298862089142
improve_ge25,GradientBoosting,g1_current,4,58,27,31,0.7491039426523297,0.7222339311104096,0.6881720430107527,0.6666666666666666,0.21298303456201728
improve_ge25,GradientBoosting,g1_current,5,57,27,30,0.6296296296296297,0.6551989457958838,0.5944444444444444,0.5660377358490566,0.27241113862896393
improve_ge50,LogisticRegression,context_current,1,58,23,35,0.7130434782608696,0.666016401681867,0.632919254658385,0.5714285714285714,0.2185800779255839
improve_ge50,LogisticRegression,context_current,2,58,23,35,0.8496894409937888,0.8149536831166988,0.791304347826087,0.75,0.16261887917514586
improve_ge50,LogisticRegression,context_current,3,58,23,35,0.7801242236024845,0.6664207285073322,0.7055900621118012,0.6666666666666666,0.2041878510623184
improve_ge50,LogisticRegression,context_current,4,58,22,36,0.7891414141414141,0.7007747752136171,0.7664141414141414,0.7111111111111111,0.18758729751553846
improve_ge50,LogisticRegression,context_current,5,57,22,35,0.7363636363636363,0.6845864483922182,0.7519480519480519,0.7058823529411765,0.21480679000948324
improve_ge50,LogisticRegression,g1_current,1,58,23,35,0.7204968944099379,0.7008368851657358,0.632919254658385,0.5714285714285714,0.21226421182783692
improve_ge50,LogisticRegression,g1_current,2,58,23,35,0.8409937888198756,0.828108671975084,0.7695652173913043,0.723404255319149,0.16507997486548548
improve_ge50,LogisticRegression,g1_current,3,58,23,35,0.7925465838509317,0.650473328809385,0.691304347826087,0.6545454545454545,0.19973509499881575
improve_ge50,LogisticRegression,g1_current,4,58,22,36,0.7727272727272727,0.6771808136541047,0.702020202020202,0.6382978723404256,0.19181633005030557
improve_ge50,LogisticRegression,g1_current,5,57,22,35,0.7493506493506494,0.686435142112229,0.714935064935065,0.6666666666666666,0.21760799067995004
improve_ge50,RandomForest,context_current,1,58,23,35,0.698136645962733,0.6591963896054055,0.6546583850931678,0.6,0.2175441426601724
improve_ge50,RandomForest,context_current,2,58,23,35,0.8453416149068324,0.8481864640782231,0.8341614906832298,0.8,0.15822758271163748
improve_ge50,RandomForest,context_current,3,58,23,35,0.7316770186335404,0.6192119746810487,0.6614906832298137,0.5957446808510638,0.21317888960772133
improve_ge50,RandomForest,context_current,4,58,22,36,0.7752525252525252,0.6622397385158952,0.6843434343434344,0.6046511627906976,0.18764861961770077
improve_ge50,RandomForest,context_current,5,57,22,35,0.7467532467532467,0.7137054497209405,0.6551948051948051,0.6,0.2060621603055438
improve_ge50,RandomForest,g1_current,1,58,23,35,0.679503105590062,0.648687299242617,0.639751552795031,0.5652173913043478,0.21962159941467208
improve_ge50,RandomForest,g1_current,2,58,23,35,0.8161490683229814,0.8055185192453459,0.7763975155279503,0.7272727272727273,0.1725133360574876
improve_ge50,RandomForest,g1_current,3,58,23,35,0.7614906832298136,0.6428264686078169,0.6614906832298137,0.5957446808510638,0.1971321776666788
improve_ge50,RandomForest,g1_current,4,58,22,36,0.7588383838383839,0.6617318818343441,0.6982323232323233,0.6190476190476191,0.19382646450612737
improve_ge50,RandomForest,g1_current,5,57,22,35,0.7350649350649351,0.7366130538217004,0.7123376623376623,0.6521739130434783,0.205797055946032
improve_ge50,GradientBoosting,context_current,1,58,23,35,0.622360248447205,0.5869886598521714,0.5677018633540373,0.4782608695652174,0.2726236893538575
improve_ge50,GradientBoosting,context_current,2,58,23,35,0.7913043478260869,0.7864867322324404,0.7546583850931676,0.6976744186046512,0.16890059137519756
improve_ge50,GradientBoosting,context_current,3,58,23,35,0.7167701863354037,0.5813830044423571,0.6037267080745341,0.5217391304347826,0.24638964509847067
improve_ge50,GradientBoosting,context_current,4,58,22,36,0.7222222222222222,0.5564244538597198,0.6666666666666667,0.5641025641025641,0.2177153047375979
improve_ge50,GradientBoosting,context_current,5,57,22,35,0.7350649350649351,0.6974343336495188,0.6753246753246753,0.6086956521739131,0.2062902451989381
improve_ge50,GradientBoosting,g1_current,1,58,23,35,0.662111801242236,0.6034720311538384,0.6540372670807453,0.5777777777777777,0.23983521250545342
improve_ge50,GradientBoosting,g1_current,2,58,23,35,0.7652173913043478,0.7550314042976816,0.7546583850931676,0.6976744186046512,0.17846287473437517
improve_ge50,GradientBoosting,g1_current,3,58,23,35,0.768944099378882,0.6374344424551384,0.7043478260869566,0.6363636363636364,0.2132788585502632
improve_ge50,GradientBoosting,g1_current,4,58,22,36,0.7638888888888888,0.6720414230280862,0.648989898989899,0.5142857142857142,0.19292391265736106
improve_ge50,GradientBoosting,g1_current,5,57,22,35,0.7285714285714285,0.7198241948671331,0.6525974025974026,0.5777777777777777,0.20724342754446187
improve_ge75,LogisticRegression,context_current,1,58,19,39,0.727395411605938,0.6261831964315114,0.6754385964912281,0.5777777777777777,0.21794279362269234
improve_ge75,LogisticRegression,context_current,2,58,19,39,0.7557354925775979,0.5933722881865295,0.6619433198380567,0.5581395348837209,0.19588952711001253
improve_ge75,LogisticRegression,context_current,3,58,18,40,0.7486111111111111,0.5270597432598632,0.7513888888888889,0.6511627906976745,0.21237031963278763
improve_ge75,LogisticRegression,context_current,4,58,18,40,0.7722222222222221,0.6763764671634254,0.7208333333333333,0.6153846153846154,0.18023962010956932
improve_ge75,LogisticRegression,context_current,5,57,18,39,0.8561253561253562,0.761347612149722,0.7606837606837606,0.6666666666666666,0.1705481140211743
improve_ge75,LogisticRegression,g1_current,1,58,19,39,0.7462887989203778,0.6487856861196848,0.6234817813765182,0.5217391304347826,0.21297698860920475
improve_ge75,LogisticRegression,g1_current,2,58,19,39,0.7368421052631579,0.5717694493478582,0.6484480431848854,0.5365853658536586,0.2005864819742137
improve_ge75,LogisticRegression,g1_current,3,58,18,40,0.7583333333333333,0.5548864470789904,0.726388888888889,0.6222222222222222,0.20617230475387116
improve_ge75,LogisticRegression,g1_current,4,58,18,40,0.7833333333333333,0.7281269675361524,0.7208333333333333,0.6153846153846154,0.17759328675542652
improve_ge75,LogisticRegression,g1_current,5,57,18,39,0.8618233618233617,0.7647502475854784,0.7884615384615385,0.6976744186046512,0.16524023975743649
improve_ge75,RandomForest,context_current,1,58,19,39,0.709851551956815,0.5447147589336623,0.6747638326585694,0.5714285714285714,0.21381037667157993
improve_ge75,RandomForest,context_current,2,58,19,39,0.738191632928475,0.544139478695461,0.6875843454790823,0.5853658536585366,0.19993100721051282
improve_ge75,RandomForest,context_current,3,58,18,40,0.7416666666666667,0.5017939557647957,0.7208333333333333,0.6153846153846154,0.2028215811436281
improve_ge75,RandomForest,context_current,4,58,18,40,0.7041666666666666,0.6422775286789717,0.6777777777777778,0.5555555555555556,0.196965749567857
improve_ge75,RandomForest,context_current,5,57,18,39,0.8304843304843305,0.6553573801043756,0.7863247863247863,0.7,0.17610562480093359
improve_ge75,RandomForest,g1_current,1,58,19,39,0.7044534412955465,0.5554249371307496,0.6869095816464237,0.5789473684210527,0.20867824639339566
improve_ge75,RandomForest,g1_current,2,58,19,39,0.7503373819163293,0.5692368081992308,0.6734143049932524,0.5555555555555556,0.18917613822454957
improve_ge75,RandomForest,g1_current,3,58,18,40,0.7083333333333334,0.4930908044076139,0.6527777777777778,0.5263157894736842,0.2076782897954003
improve_ge75,RandomForest,g1_current,4,58,18,40,0.6986111111111111,0.6203894138793503,0.6625,0.5294117647058824,0.18773959176628566
improve_ge75,RandomForest,g1_current,5,57,18,39,0.829059829059829,0.7005935091241136,0.7991452991452992,0.717948717948718,0.1758817556624514
improve_ge75,GradientBoosting,context_current,1,58,19,39,0.6686909581646423,0.5236848727125575,0.6228070175438596,0.5116279069767442,0.23754009775821955
improve_ge75,GradientBoosting,context_current,2,58,19,39,0.738191632928475,0.6249490746773354,0.6869095816464237,0.5789473684210527,0.19057275787564526
improve_ge75,GradientBoosting,context_current,3,58,18,40,0.7,0.4831302264217119,0.5694444444444444,0.4,0.22674207661150322
improve_ge75,GradientBoosting,context_current,4,58,18,40,0.6604166666666667,0.487960668111172,0.6194444444444445,0.45161290322580644,0.22681280067458834
improve_ge75,GradientBoosting,context_current,5,57,18,39,0.6766381766381766,0.42869462262022767,0.5769230769230769,0.3870967741935484,0.23189087253650656
improve_ge75,GradientBoosting,g1_current,1,58,19,39,0.6585695006747638,0.5217928572514013,0.6356275303643725,0.5238095238095238,0.23999410379035876
improve_ge75,GradientBoosting,g1_current,2,58,19,39,0.7206477732793523,0.5235243838315202,0.6072874493927125,0.4375,0.21717052402658846
improve_ge75,GradientBoosting,g1_current,3,58,18,40,0.6916666666666668,0.5210369170971628,0.5819444444444445,0.4117647058823529,0.24312760245943785
improve_ge75,GradientBoosting,g1_current,4,58,18,40,0.7124999999999999,0.5499510681159965,0.6041666666666666,0.41379310344827586,0.18920678046568543
improve_ge75,GradientBoosting,g1_current,5,57,18,39,0.7279202279202279,0.5330034213341197,0.6153846153846154,0.42857142857142855,0.19992511771037588
future_ge900,LogisticRegression,context_current,1,58,16,42,0.9017857142857143,0.7489685844126635,0.8110119047619048,0.7027027027027027,0.1348607439625779
future_ge900,LogisticRegression,context_current,2,58,16,42,0.8511904761904762,0.6636797681592573,0.8065476190476191,0.6829268292682927,0.15245445256605308
future_ge900,LogisticRegression,context_current,3,58,16,42,0.7767857142857143,0.6053836147696143,0.7172619047619048,0.5882352941176471,0.18467654297191305
future_ge900,LogisticRegression,context_current,4,58,16,42,0.900297619047619,0.8304221101255946,0.8348214285714286,0.7428571428571429,0.11761832993004089
future_ge900,LogisticRegression,context_current,5,57,15,42,0.8507936507936509,0.6126826067746783,0.8452380952380952,0.6976744186046512,0.17820485658145793
future_ge900,LogisticRegression,g1_current,1,58,16,42,0.898809523809524,0.745822771577082,0.8110119047619048,0.7027027027027027,0.13456354626150105
future_ge900,LogisticRegression,g1_current,2,58,16,42,0.8377976190476191,0.6617384977699827,0.8184523809523809,0.7,0.16212559180378167
future_ge900,LogisticRegression,g1_current,3,58,16,42,0.7752976190476191,0.6069855634967865,0.7172619047619048,0.5882352941176471,0.18278889340326296
future_ge900,LogisticRegression,g1_current,4,58,16,42,0.9032738095238095,0.8320074136310549,0.8467261904761905,0.7647058823529411,0.11298404733765556
future_ge900,LogisticRegression,g1_current,5,57,15,42,0.8380952380952381,0.5936876870406282,0.8452380952380952,0.6976744186046512,0.1817851221473977
future_ge900,RandomForest,context_current,1,58,16,42,0.9300595238095238,0.786060242127521,0.8616071428571428,0.75,0.1150430553224441
future_ge900,RandomForest,context_current,2,58,16,42,0.8266369047619048,0.6512263790164448,0.8184523809523809,0.7,0.1573316315043902
future_ge900,RandomForest,context_current,3,58,16,42,0.7886904761904762,0.5292843533147578,0.7172619047619048,0.5882352941176471,0.1718388247128832
future_ge900,RandomForest,context_current,4,58,16,42,0.8958333333333333,0.8576589209401709,0.8586309523809523,0.7878787878787878,0.11508515955245353
future_ge900,RandomForest,context_current,5,57,15,42,0.8523809523809525,0.5576960626805828,0.8357142857142857,0.7,0.15547949778706863
future_ge900,RandomForest,g1_current,1,58,16,42,0.9300595238095238,0.8451543111493769,0.8422619047619048,0.7368421052631579,0.11052302655033394
future_ge900,RandomForest,g1_current,2,58,16,42,0.8125,0.6295948079805471,0.7916666666666667,0.6857142857142857,0.16137328397191988
future_ge900,RandomForest,g1_current,3,58,16,42,0.8050595238095238,0.6206648245364762,0.7291666666666667,0.6060606060606061,0.16140824069992754
future_ge900,RandomForest,g1_current,4,58,16,42,0.9300595238095238,0.8726865415314182,0.8511904761904762,0.8,0.10974423488330204
future_ge900,RandomForest,g1_current,5,57,15,42,0.8523809523809524,0.6180978453759671,0.8500000000000001,0.7428571428571429,0.14692769811802067
future_ge900,GradientBoosting,context_current,1,58,16,42,0.8735119047619048,0.8276047569085585,0.8154761904761905,0.7272727272727273,0.11269773888449802
future_ge900,GradientBoosting,context_current,2,58,16,42,0.8184523809523809,0.6301589276782124,0.7410714285714286,0.625,0.16323145745136328
future_ge900,GradientBoosting,context_current,3,58,16,42,0.744047619047619,0.6073847736415912,0.6235119047619048,0.45161290322580644,0.20681532473335024
future_ge900,GradientBoosting,context_current,4,58,16,42,0.875,0.8309893538955323,0.7693452380952381,0.6923076923076923,0.10169543626653889
future_ge900,GradientBoosting,context_current,5,57,15,42,0.8634920634920635,0.5933813593813594,0.7047619047619047,0.5625,0.14499866422768515
future_ge900,GradientBoosting,g1_current,1,58,16,42,0.8645833333333334,0.8089934508382475,0.7529761904761905,0.6451612903225806,0.12243472123167541
future_ge900,GradientBoosting,g1_current,2,58,16,42,0.78125,0.6423152035289783,0.6979166666666667,0.5625,0.18294216939503585
future_ge900,GradientBoosting,g1_current,3,58,16,42,0.8080357142857143,0.6905215658524482,0.7023809523809523,0.5714285714285714,0.16412726850809162
future_ge900,GradientBoosting,g1_current,4,58,16,42,0.8869047619047619,0.8138690722360078,0.7574404761904762,0.6666666666666666,0.12093249762406383
future_ge900,GradientBoosting,g1_current,5,57,15,42,0.8650793650793651,0.6515274982666287,0.6952380952380952,0.5517241379310345,0.15026615670550575
future_ge950,LogisticRegression,context_current,1,58,9,49,0.854875283446712,0.6068615984405458,0.7664399092970522,0.5,0.16463911937119374
future_ge950,LogisticRegression,context_current,2,58,8,50,0.9175,0.7542624042624042,0.8275,0.5384615384615384,0.1436216359158283
future_ge950,LogisticRegression,context_current,3,58,8,50,0.8200000000000001,0.5663775998905309,0.63,0.3333333333333333,0.14441683386301324
future_ge950,LogisticRegression,context_current,4,58,8,50,0.875,0.746474358974359,0.735,0.42857142857142855,0.15416004200972577
future_ge950,LogisticRegression,context_current,5,57,8,49,0.7959183673469388,0.3539408634806708,0.7729591836734694,0.5,0.166183932324808
future_ge950,LogisticRegression,g1_current,1,58,9,49,0.8843537414965986,0.5884259259259259,0.7868480725623583,0.5384615384615384,0.14205821468781987
future_ge950,LogisticRegression,g1_current,2,58,8,50,0.935,0.8407327586206896,0.8275,0.5384615384615384,0.13279008074507662
future_ge950,LogisticRegression,g1_current,3,58,8,50,0.85,0.5808712121212121,0.755,0.46153846153846156,0.16301416106152214
future_ge950,LogisticRegression,g1_current,4,58,8,50,0.8474999999999999,0.7236057882912648,0.755,0.46153846153846156,0.14872510845171705
future_ge950,LogisticRegression,g1_current,5,57,8,49,0.7908163265306123,0.40466671808583576,0.7308673469387755,0.47619047619047616,0.14971649812025054
future_ge950,RandomForest,context_current,1,58,9,49,0.8979591836734694,0.6573140367258015,0.7165532879818595,0.5,0.11954370085167225
future_ge950,RandomForest,context_current,2,58,8,50,0.8500000000000001,0.6186724290780141,0.815,0.6,0.11518544960061688
future_ge950,RandomForest,context_current,3,58,8,50,0.8275,0.5296442924371147,0.69,0.4444444444444444,0.11726478908710766
future_ge950,RandomForest,context_current,4,58,8,50,0.8625,0.6110585016835017,0.775,0.5,0.12342147642335141
future_ge950,RandomForest,context_current,5,57,8,49,0.8316326530612245,0.6829326923076924,0.7410714285714286,0.5,0.1274946873204171
future_ge950,RandomForest,g1_current,1,58,9,49,0.8684807256235828,0.6328264614642325,0.7369614512471656,0.5555555555555556,0.10537311466915042
future_ge950,RandomForest,g1_current,2,58,8,50,0.835,0.718560606060606,0.7725,0.5882352941176471,0.09312449675398249
future_ge950,RandomForest,g1_current,3,58,8,50,0.8075,0.4738283920027341,0.5549999999999999,0.23529411764705882,0.11484255790387204
future_ge950,RandomForest,g1_current,4,58,8,50,0.905,0.7526200135226505,0.815,0.6,0.09077444255725454
future_ge950,RandomForest,g1_current,5,57,8,49,0.8418367346938775,0.6867742551566081,0.7397959183673469,0.6153846153846154,0.09479381570935055
future_ge950,GradientBoosting,context_current,1,58,9,49,0.81859410430839,0.6636470083528907,0.7573696145124716,0.625,0.10333790740113154
future_ge950,GradientBoosting,context_current,2,58,8,50,0.86,0.626808608058608,0.74,0.6153846153846154,0.08076459918872704
future_ge950,GradientBoosting,context_current,3,58,8,50,0.74625,0.5356993549928333,0.6575,0.42857142857142855,0.10594754255295408
future_ge950,GradientBoosting,context_current,4,58,8,50,0.8975,0.6969884604559526,0.72,0.5333333333333333,0.09084629493593166
future_ge950,GradientBoosting,context_current,5,57,8,49,0.8392857142857143,0.7374465811965811,0.7818877551020409,0.625,0.07105115024954667
future_ge950,GradientBoosting,g1_current,1,58,9,49,0.8503401360544217,0.624742977588506,0.7018140589569161,0.5333333333333333,0.0987513354242633
future_ge950,GradientBoosting,g1_current,2,58,8,50,0.8625,0.7237660256410257,0.7825,0.625,0.08259683225932843
future_ge950,GradientBoosting,g1_current,3,58,8,50,0.7775,0.5664469235970251,0.6675,0.46153846153846156,0.0906741203000789
future_ge950,GradientBoosting,g1_current,4,58,8,50,0.8825,0.6778736857061665,0.7,0.47058823529411764,0.10582299673848058
future_ge950,GradientBoosting,g1_current,5,57,8,49,0.8494897959183674,0.7148076923076924,0.75,0.6666666666666666,0.06322668249818177
